-- 医院患者管理系统 - 数据库初始化数据脚本
-- 版本：3.0
-- 日期：2026-03-10
-- 说明：初始化必要的基础数据

USE yukirinllmedmanage;

-- 初始化超级管理员账户
-- 手机号：18888888888
-- 密码：admin123
-- MD5值：0192023a7bbd73250516f069df18b500
INSERT INTO admins (id, phone, password, name, gender, age, role, department, position, created_at, updated_at)
VALUES ('00000000-0000-0000-0000-000000000001', '18888888888', '0192023a7bbd73250516f069df18b500', '超级管理员', 1, 30, 2, 'IT运维部', '系统管理员', NOW(), NOW());

-- 初始化示例用户数据
INSERT INTO users (id, phone, password, name, gender, age, id_card, emergency_contact, emergency_phone, address, created_at, updated_at)
VALUES 
('00000000-0000-0000-0000-000000000002', '13800138001', 'e10adc3949ba59abbe56e057f20f883e', '张三', 1, 35, '110101199001011234', '李四', '13800138002', '北京市朝阳区', NOW(), NOW()),
('00000000-0000-0000-0000-000000000003', '13800138002', 'e10adc3949ba59abbe56e057f20f883e', '李四', 0, 28, '110101199501011234', '王五', '13800138003', '北京市海淀区', NOW(), NOW()),
('00000000-0000-0000-0000-000000000004', '13800138003', 'e10adc3949ba59abbe56e057f20f883e', '王五', 1, 45, '110101198001011234', '赵六', '13800138004', '北京市西城区', NOW(), NOW());

-- 初始化示例健康档案数据
INSERT INTO health_records (id, user_id, past_medical_history, allergic_history, family_medical_history, blood_type, other_info, created_at, updated_at)
VALUES 
('00000000-0000-0000-0000-000000000005', '00000000-0000-0000-0000-000000000002', '无', '青霉素', '无', 'A型', '无特殊情况', NOW(), NOW()),
('00000000-0000-0000-0000-000000000006', '00000000-0000-0000-0000-000000000003', '无', '无', '无', 'B型', '无特殊情况', NOW(), NOW()),
('00000000-0000-0000-0000-000000000007', '00000000-0000-0000-0000-000000000004', '高血压', '无', '高血压', 'O型', '需要定期监测血压', NOW(), NOW());

-- 初始化示例标签数据
INSERT INTO user_tags (id, user_id, tag_name, created_at)
VALUES 
('00000000-0000-0000-0000-000000000010', '00000000-0000-0000-0000-000000000002', '住的远', NOW()),
('00000000-0000-0000-0000-000000000011', '00000000-0000-0000-0000-000000000002', '职工医保', NOW()),
('00000000-0000-0000-0000-000000000012', '00000000-0000-0000-0000-000000000003', '居民医保', NOW()),
('00000000-0000-0000-0000-000000000013', '00000000-0000-0000-0000-000000000003', '慢性病', NOW()),
('00000000-0000-0000-0000-000000000014', '00000000-0000-0000-0000-000000000004', '老年患者', NOW()),
('00000000-0000-0000-0000-000000000015', '00000000-0000-0000-0000-000000000004', '高血压', NOW()),
('00000000-0000-0000-0000-000000000016', '00000000-0000-0000-0000-000000000004', '家庭贫困', NOW());

-- 数据初始化完成
SELECT '数据初始化完成！' AS message;
SELECT '====================' AS info;
SELECT '超级管理员登录信息' AS info;
SELECT '手机号：18888888888' AS info;
SELECT '密码：admin123' AS info;
SELECT '登录地址：http://localhost:8080/api/admin/login' AS info;
SELECT '====================' AS info;
SELECT '示例用户信息' AS info;
SELECT '手机号：13800138001，密码：123456' AS info;
SELECT '手机号：13800138002，密码：123456' AS info;
SELECT '手机号：13800138003，密码：123456' AS info;
SELECT '====================' AS info;